{
  "summary": {
    "accuracy": 0.9666666666666667,
    "precision": 0.9696969696969696,
    "recall": 0.9666666666666667,
    "f1_score": 0.9665831244778613,
    "roc_auc": 1.0
  },
  "per_class_metrics": {
    "precision": [
      1.0,
      0.9090909090909091,
      1.0
    ],
    "recall": [
      1.0,
      1.0,
      0.9
    ],
    "f1": [
      1.0,
      0.9523809523809523,
      0.9473684210526315
    ]
  },
  "classification_report": {
    "setosa": {
      "precision": 1.0,
      "recall": 1.0,
      "f1-score": 1.0,
      "support": 10.0
    },
    "versicolor": {
      "precision": 0.9090909090909091,
      "recall": 1.0,
      "f1-score": 0.9523809523809523,
      "support": 10.0
    },
    "virginica": {
      "precision": 1.0,
      "recall": 0.9,
      "f1-score": 0.9473684210526315,
      "support": 10.0
    },
    "accuracy": 0.9666666666666667,
    "macro avg": {
      "precision": 0.9696969696969697,
      "recall": 0.9666666666666667,
      "f1-score": 0.9665831244778613,
      "support": 30.0
    },
    "weighted avg": {
      "precision": 0.9696969696969696,
      "recall": 0.9666666666666667,
      "f1-score": 0.9665831244778613,
      "support": 30.0
    }
  },
  "confusion_matrix": [
    [
      10,
      0,
      0
    ],
    [
      0,
      10,
      0
    ],
    [
      0,
      1,
      9
    ]
  ]
}