{
  "summary": {
    "accuracy": 0.9333333333333333,
    "precision": 0.9333333333333333,
    "recall": 0.9333333333333333,
    "f1_score": 0.9333333333333333,
    "roc_auc": 0.9900000000000001
  },
  "per_class_metrics": {
    "precision": [
      1.0,
      0.9,
      0.9
    ],
    "recall": [
      1.0,
      0.9,
      0.9
    ],
    "f1": [
      1.0,
      0.9,
      0.9
    ]
  },
  "classification_report": {
    "setosa": {
      "precision": 1.0,
      "recall": 1.0,
      "f1-score": 1.0,
      "support": 10.0
    },
    "versicolor": {
      "precision": 0.9,
      "recall": 0.9,
      "f1-score": 0.9,
      "support": 10.0
    },
    "virginica": {
      "precision": 0.9,
      "recall": 0.9,
      "f1-score": 0.9,
      "support": 10.0
    },
    "accuracy": 0.9333333333333333,
    "macro avg": {
      "precision": 0.9333333333333332,
      "recall": 0.9333333333333332,
      "f1-score": 0.9333333333333332,
      "support": 30.0
    },
    "weighted avg": {
      "precision": 0.9333333333333333,
      "recall": 0.9333333333333333,
      "f1-score": 0.9333333333333333,
      "support": 30.0
    }
  },
  "confusion_matrix": [
    [
      10,
      0,
      0
    ],
    [
      0,
      9,
      1
    ],
    [
      0,
      1,
      9
    ]
  ]
}